{
  "version": 1,
  "author": "Sushanth",
  "editor": "wokwi",
  "parts": [
    { "type": "wokwi-arduino-uno", "id": "uno", "top": 10.2, "left": 105, "attrs": {} },
    { "type": "wokwi-dht22", "id": "dht1", "top": -124.5, "left": -43.8, "attrs": {} },
    {
      "type": "wokwi-resistor",
      "id": "r1",
      "top": 81.6,
      "left": -58.15,
      "rotate": 90,
      "attrs": { "value": "10000" }
    }
  ],
  "connections": [
    [ "dht1:GND", "uno:GND.2", "black", [ "v268.8", "h268.8" ] ],
    [ "dht1:SDA", "uno:2", "green", [ "v0", "h355.3" ] ],
    [ "dht1:VCC", "r1:1", "red", [ "v76.8" ] ],
    [ "r1:2", "uno:5V", "green", [ "h0", "v162", "h297.6" ] ]
  ],
  "dependencies": {}
}